Workbook

Sheet 出库单 3 (3)
A1: 深圳市海普洛斯生物科技有限公司-质量体系文件
A2: 出 库 单
B3: 公司名称： | C3: 深圳市海普洛斯生物科技有限公司 | D3: 出库类型： | E3: IVD材料出库 | F3: 出库单号：
B4: 仓 库： | D4: 领用部门： | E4: 生产部 | F4: 出库日期：
A5: 序号 | B5: 物料编码 | C5: 物料名称 | D5: 品牌 | E5: 规格 | F5: 单位 | G5: 数量 | H5: 批次 | I5: 失效日期 | J5: 备注
B27: 合计
B28: 制单人： | E28: 审核人：
B30: CC-SMP-002-F05（版本号：B/1） | E30: 第 1 页 共 1 页
A32: 深圳市海普洛斯生物科技有限公司-质量体系文件
A33: 出 库 单
B34: 公司名称： | C34: 深圳市海普洛斯生物科技有限公司 | D34: 出库类型： | E34: IVD材料出库 | F34: 出库单号： | H34: =[1]原材料仓3!AH2 -> CC2025111100008057
B35: 仓 库： | C35: =[1]原材料仓3!W2 -> 原材料仓 | D35: 领用部门： | E35: 生产部 | F35: 出库日期： | H35: =[1]原材料仓3!AG2 -> 45972
A36: 序号 | B36: 物料编码 | C36: 物料名称 | D36: 品牌 | E36: 规格 | F36: 单位 | G36: 数量 | H36: 批次 | I36: 失效日期 | J36: 备注
A37: 10 | B37: =[1]原材料仓3!B2 -> SJ06297 | C37: =[1]原材料仓3!C2 -> Index Adapter 1&2 | D37: =[1]原材料仓3!F2 -> Roche | E37: =[1]原材料仓3!D2 -> 0.5nmoL/支/24支/套 | F37: =[1]原材料仓3!E2 -> 套 | G37: =[1]原材料仓3!AI2 -> 3 | H37: =[1]原材料仓3!T2 -> SJ202508080001 | I37: =[1]原材料仓3!V2 -> 46148
A38: 20 | B38: =[1]原材料仓3!B3 -> SJ06298 | C38: =[1]原材料仓3!C3 -> Index 1&2 Blocking oligos | D38: =[1]原材料仓3!F3 -> Roche | E38: =[1]原材料仓3!D3 -> 10nmoL/支/24支/套 | F38: =[1]原材料仓3!E3 -> 套 | G38: =[1]原材料仓3!AI3 -> 2 | H38: =[1]原材料仓3!T3 -> SJ202508080002 | I38: =[1]原材料仓3!V3 -> 46224
A39: 30 | B39: =[1]原材料仓3!B4 -> SJ06299 | C39: =[1]原材料仓3!C4 -> KAPA HTP Library Prep Kit illumina* | D39: =[1]原材料仓3!F4 -> Roche | E39: =[1]原材料仓3!D4 -> 96人份/盒 | F39: =[1]原材料仓3!E4 -> 盒 | G39: =[1]原材料仓3!AI4 -> 6 | H39: =[1]原材料仓3!T4 -> SJ202508080003 | I39: =[1]原材料仓3!V4 -> 46224
A40: 40 | B40: =[1]原材料仓3!B5 -> SJ06300 | C40: =[1]原材料仓3!C5 -> SeqCap EZ Hyb and Wash Kit* | D40: =[1]原材料仓3!F5 -> Roche | E40: =[1]原材料仓3!D5 -> 96人份/盒 | F40: =[1]原材料仓3!E5 -> 盒 | G40: =[1]原材料仓3!AI5 -> 2 | H40: =[1]原材料仓3!T5 -> SJ202508080004 | I40: =[1]原材料仓3!V5 -> 46223
A41: 50 | B41: =[1]原材料仓3!B6 -> SJ06301 | C41: =[1]原材料仓3!C6 -> SeqCap EZ Prime Choice probes | D41: =[1]原材料仓3!F6 -> Roche | E41: =[1]原材料仓3!D6 -> 432μL/支 | F41: =[1]原材料仓3!E6 -> 支 | G41: =[1]原材料仓3!AI6 -> 2 | H41: =[1]原材料仓3!T6 -> SJ202508080005 | I41: =[1]原材料仓3!V6 -> 46214
A42: 60 | B42: =[1]原材料仓3!B7 -> SJ06302 | C42: =[1]原材料仓3!C7 -> ALK wild type 标准品 | D42: =[1]原材料仓3!F7 -> Horizon discovery | E42: =[1]原材料仓3!D7 -> 5μg/100μL/支 | F42: =[1]原材料仓3!E7 -> 支 | G42: =[1]原材料仓3!AI7 -> 1 | H42: =[1]原材料仓3!T7 -> SJ202508060001 | I42: =[1]原材料仓3!V7 -> 46217
A43: 70 | B43: =[1]原材料仓3!B8 -> SJ06303 | C43: =[1]原材料仓3!C8 -> EGFR wild type 标准品 | D43: =[1]原材料仓3!F8 -> Horizon discovery | E43: =[1]原材料仓3!D8 -> 5μg/100μL/支 | F43: =[1]原材料仓3!E8 -> 支 | G43: =[1]原材料仓3!AI8 -> 1 | H43: =[1]原材料仓3!T8 -> SJ202508060002 | I43: =[1]原材料仓3!V8 -> 46217
A44: 80 | B44: =[1]原材料仓3!B9 -> SJ06304 | C44: =[1]原材料仓3!C9 -> EML4/ALK 标准品 | D44: =[1]原材料仓3!F9 -> Horizon discovery | E44: =[1]原材料仓3!D9 -> 1μg/20μL/支 | F44: =[1]原材料仓3!E9 -> 支 | G44: =[1]原材料仓3!AI9 -> 1 | H44: =[1]原材料仓3!T9 -> SJ202508060003 | I44: =[1]原材料仓3!V9 -> 46217
A45: 90 | B45: =[1]原材料仓3!B10 -> SJ06305 | C45: =[1]原材料仓3!C10 -> EGFR ΔE746-A750 标准品 | D45: =[1]原材料仓3!F10 -> Horizon discovery | E45: =[1]原材料仓3!D10 -> 1μg/20μL/支 | F45: =[1]原材料仓3!E10 -> 支 | G45: =[1]原材料仓3!AI10 -> 1 | H45: =[1]原材料仓3!T10 -> SJ202508060004 | I45: =[1]原材料仓3!V10 -> 46217
A46: 100 | B46: =[1]原材料仓3!B11 -> SJ06306 | C46: =[1]原材料仓3!C11 -> EGFR T790M 标准品 | D46: =[1]原材料仓3!F11 -> Horizon discovery | E46: =[1]原材料仓3!D11 -> 1μg/20μL/支 | F46: =[1]原材料仓3!E11 -> 支 | G46: =[1]原材料仓3!AI11 -> 1 | H46: =[1]原材料仓3!T11 -> SJ202508060005 | I46: =[1]原材料仓3!V11 -> 46217
A47: 110 | B47: =[1]原材料仓3!B12 -> SJ06307 | C47: =[1]原材料仓3!C12 -> EGFR L858R 标准品 | D47: =[1]原材料仓3!F12 -> Horizon discovery | E47: =[1]原材料仓3!D12 -> 1μg/20μL/支 | F47: =[1]原材料仓3!E12 -> 支 | G47: =[1]原材料仓3!AI12 -> 1 | H47: =[1]原材料仓3!T12 -> SJ202508060006 | I47: =[1]原材料仓3!V12 -> 46217
B58: 合计
B59: 制单人： | E59: 审核人：
B61: CC-SMP-002-F05（版本号：B/1） | E61: 第 1 页 共 1 页
A63: 深圳市海普洛斯生物科技有限公司-质量体系文件
A64: 出 库 单
B65: 公司名称： | C65: 深圳市海普洛斯生物科技有限公司 | D65: 出库类型： | E65: IVD材料出库 | F65: 出库单号： | H65: =[1]标签库3!AH2 -> CC2025111100008057
B66: 仓 库： | C66: =[1]标签库3!W2 -> 标签库 | D66: 领用部门： | E66: 生产部 | F66: 出库日期： | H66: =[1]标签库3!AG2 -> 45972
A67: 序号 | B67: 物料编码 | C67: 物料名称 | D67: 品牌 | E67: 规格 | F67: 单位 | G67: 数量 | H67: 批次 | I67: 失效日期 | J67: 备注
A68: 10 | B68: =[1]标签库3!B2 -> HC00658 | C68: =[1]标签库3!C2 -> 盒签1 | D68: =[1]标签库3!F2 -> 又一彩 | E68: =[1]标签库3!D2 -> 13*8cm，白色 | F68: =[1]标签库3!E2 -> 张 | G68: =[1]标签库3!AI2 -> 13 | H68: =[1]标签库3!T2 -> HC202507180001 | I68: =[1]标签库3!V2 -> 46951
A69: 20 | B69: =[1]标签库3!B3 -> WB00105 | C69: =[1]标签库3!C3 -> 瓶签4 | D69: =[1]标签库3!F3 -> 又一彩 | E69: =[1]标签库3!D3 -> 3.5*2cm，透明 | F69: =[1]标签库3!E3 -> 张 | G69: =[1]标签库3!AI3 -> 897 | H69: =[1]标签库3!T3 -> WB202507180005 | I69: =[1]标签库3!V3 -> 46951
A70: 30 | B70: =[1]标签库3!B4 -> WB00108 | C70: =[1]标签库3!C4 -> 盒签 | D70: =[1]标签库3!F4 -> 又一彩 | E70: =[1]标签库3!D4 -> 8*4.5cm，白色 | F70: =[1]标签库3!E4 -> 张 | G70: =[1]标签库3!AI4 -> 52 | H70: =[1]标签库3!T4 -> WB202507180006 | I70: =[1]标签库3!V4 -> 46951
A71: 40 | B71: =[1]标签库3!B5 -> WB00104 | C71: =[1]标签库3!C5 -> 瓶签2 | D71: =[1]标签库3!F5 -> 熠辉 | E71: =[1]标签库3!D5 -> 4*2cm，白色 | F71: =[1]标签库3!E5 -> 张 | G71: =[1]标签库3!AI5 -> 26 | H71: =[1]标签库3!T5 -> WB202507150001 | I71: =[1]标签库3!V5 -> 46948
B89: 合计
B90: 制单人： | E90: 审核人：
B92: CC-SMP-002-F05（版本号：B/1） | E92: 第 1 页 共 1 页
